{
    "render_asset": "../../stages/Baked_sc0_staging_14.glb",
    "collision_asset": "../../stages/Baked_sc0_staging_14.glb",
    "up": [
        0,
        1,
        0
    ],
    "front": [
        0,
        0,
        -1
    ],
    "origin": [
        0,
        0,
        0
    ],
    "user_defined": {
        "receptacle_aabb_WC2_Top1_frl_apartment_wall_cabinet_02": {
            "name": "receptacle_aabb_WC2_Top1_frl_apartment_wall_cabinet_02",
            "position": [
                3.8877570629119873,
                1.7934823036193848,
                7.725741863250732
            ],
            "scale": [
                0.40735509991645813,
                0.12582360208034515,
                0.14454245567321777
            ],
            "rotation": [
                1.0,
                8.429369557916289e-08,
                0.0,
                0.0
            ],
            "up": [
                0,
                1.0,
                0
            ]
        },
        "receptacle_aabb_WC2_Top2_frl_apartment_wall_cabinet_02": {
            "name": "receptacle_aabb_WC2_Top2_frl_apartment_wall_cabinet_02",
            "position": [
                3.8877570629119873,
                1.4970734119415283,
                7.725741863250732
            ],
            "scale": [
                0.40735509991645813,
                0.12582360208034515,
                0.14454245567321777
            ],
            "rotation": [
                1.0,
                8.429369557916289e-08,
                0.0,
                0.0
            ],
            "up": [
                0,
                1.0,
                0
            ]
        },
        "receptacle_aabb_WC2_Top3_frl_apartment_wall_cabinet_02": {
            "name": "receptacle_aabb_WC2_Top3_frl_apartment_wall_cabinet_02",
            "position": [
                3.8877570629119873,
                1.2217484712600708,
                7.725741863250732
            ],
            "scale": [
                0.40735509991645813,
                0.12582360208034515,
                0.14454245567321777
            ],
            "rotation": [
                1.0,
                8.429369557916289e-08,
                0.0,
                0.0
            ],
            "up": [
                0,
                1.0,
                0
            ]
        },
        "receptacle_aabb_WC2_Top4_frl_apartment_wall_cabinet_02": {
            "name": "receptacle_aabb_WC2_Top4_frl_apartment_wall_cabinet_02",
            "position": [
                3.8877570629119873,
                0.9241693019866943,
                7.725741863250732
            ],
            "scale": [
                0.40735509991645813,
                0.12582360208034515,
                0.14454245567321777
            ],
            "rotation": [
                1.0,
                8.429369557916289e-08,
                0.0,
                0.0
            ],
            "up": [
                0,
                1.0,
                0
            ]
        },
        "receptacle_aabb_WC2_Top5_frl_apartment_wall_cabinet_02": {
            "name": "receptacle_aabb_WC2_Top5_frl_apartment_wall_cabinet_02",
            "position": [
                3.8877570629119873,
                0.6309643983840942,
                7.725741863250732
            ],
            "scale": [
                0.40735509991645813,
                0.12582360208034515,
                0.14454245567321777
            ],
            "rotation": [
                1.0,
                8.429369557916289e-08,
                0.0,
                0.0
            ],
            "up": [
                0,
                1.0,
                0
            ]
        },
        "receptacle_aabb_WC2_Top6_frl_apartment_wall_cabinet_02": {
            "name": "receptacle_aabb_WC2_Top6_frl_apartment_wall_cabinet_02",
            "position": [
                3.8877570629119873,
                0.3209385871887207,
                7.725741863250732
            ],
            "scale": [
                0.40735509991645813,
                0.12582360208034515,
                0.14454245567321777
            ],
            "rotation": [
                1.0,
                8.429369557916289e-08,
                0.0,
                0.0
            ],
            "up": [
                0,
                1.0,
                0
            ]
        },
        "receptacle_aabb_WC1_Top1frl_apartment_wall_cabinet_01": {
            "name": "receptacle_aabb_WC1_Top1frl_apartment_wall_cabinet_01",
            "position": [
                4.009265899658203,
                1.8096113204956055,
                -0.30577611923217773
            ],
            "scale": [
                0.18155625462532043,
                0.14286324381828308,
                0.1493600457906723
            ],
            "rotation": [
                0.7861350178718567,
                1.2644053981603065e-07,
                0.6180547475814819,
                -8.429368847373553e-08
            ],
            "up": [
                0,
                1.0,
                0
            ]
        },
        "receptacle_aabb_WC1_Top2frl_apartment_wall_cabinet_01": {
            "name": "receptacle_aabb_WC1_Top2frl_apartment_wall_cabinet_01",
            "position": [
                4.019726753234863,
                1.5151853561401367,
                -0.30323541164398193
            ],
            "scale": [
                0.18155625462532043,
                0.14286324381828308,
                0.1493600457906723
            ],
            "rotation": [
                0.7861350178718567,
                1.2644053981603065e-07,
                0.6180547475814819,
                -8.429368847373553e-08
            ],
            "up": [
                0,
                1.0,
                0
            ]
        },
        "receptacle_aabb_WC1_Top3frl_apartment_wall_cabinet_01": {
            "name": "receptacle_aabb_WC1_Top3frl_apartment_wall_cabinet_01",
            "position": [
                4.019726753234863,
                1.2337610721588135,
                -0.30323541164398193
            ],
            "scale": [
                0.18155625462532043,
                0.14286324381828308,
                0.1493600457906723
            ],
            "rotation": [
                0.7861350178718567,
                1.2644053981603065e-07,
                0.6180547475814819,
                -8.429368847373553e-08
            ],
            "up": [
                0,
                1.0,
                0
            ]
        },
        "receptacle_aabb_WC1_Top4frl_apartment_wall_cabinet_01": {
            "name": "receptacle_aabb_WC1_Top4frl_apartment_wall_cabinet_01",
            "position": [
                4.019726753234863,
                0.9360373616218567,
                -0.3032354414463043
            ],
            "scale": [
                0.18155625462532043,
                0.14286324381828308,
                0.1493600457906723
            ],
            "rotation": [
                0.7861350178718567,
                1.2644053981603065e-07,
                0.6180547475814819,
                -8.429368847373553e-08
            ],
            "up": [
                0,
                1.0,
                0
            ]
        },
        "receptacle_aabb_WC1_Top5frl_apartment_wall_cabinet_01": {
            "name": "receptacle_aabb_WC1_Top5frl_apartment_wall_cabinet_01",
            "position": [
                4.019726753234863,
                0.6438887119293213,
                -0.3032354712486267
            ],
            "scale": [
                0.18155625462532043,
                0.14286324381828308,
                0.1493600457906723
            ],
            "rotation": [
                0.7861350178718567,
                1.2644053981603065e-07,
                0.6180547475814819,
                -8.429368847373553e-08
            ],