{
    "render_asset": "../../stages/Baked_sc3_staging_05.glb",
    "collision_asset": "../../stages/Baked_sc3_staging_05.glb",
    "up": [
        0,
        1,
        0
    ],
    "front": [
        0,
        0,
        -1
    ],
    "origin": [
        0,
        0,
        0
    ],
    "user_defined": {
        "receptacle_aabb_WC2_Top1_frl_apartment_wall_cabinet_02": {
            "name": "receptacle_aabb_WC2_Top1_frl_apartment_wall_cabinet_02",
            "position": [
                2.2606148719787598,
                1.7934823036193848,
                1.5087628364562988
            ],
            "scale": [
                0.40735509991645813,
                0.12582360208034515,
                0.14454245567321777
            ],
            "rotation": [
                0.999979555606842,
                8.429369557916289e-08,
                -0.006393898744136095,
                -6.585443856899076e-10
            ],
            "up": [
                0,
                1.0,
                0
            ]
        },
        "receptacle_aabb_WC2_Top2_frl_apartment_wall_cabinet_02": {
            "name": "receptacle_aabb_WC2_Top2_frl_apartment_wall_cabinet_02",
            "position": [
                2.2606148719787598,
                1.4970734119415283,
                1.5087628364562988
            ],
            "scale": [
                0.40735509991645813,
                0.12582360208034515,
                0.14454245567321777
            ],
            "rotation": [
                0.999979555606842,
                8.429369557916289e-08,
                -0.006393898744136095,
                -6.585443856899076e-10
            ],
            "up": [
                0,
                1.0,
                0
            ]
        },
        "receptacle_aabb_WC2_Top3_frl_apartment_wall_cabinet_02": {
            "name": "receptacle_aabb_WC2_Top3_frl_apartment_wall_cabinet_02",
            "position": [
                2.2606148719787598,
                1.2217484712600708,
                1.5087628364562988
            ],
            "scale": [
                0.40735509991645813,
                0.12582360208034515,
                0.14454245567321777
            ],
            "rotation": [
                0.999979555606842,
                8.429369557916289e-08,
                -0.006393898744136095,
                -6.585443856899076e-10
            ],
            "up": [
                0,
                1.0,
                0
            ]
        },
        "receptacle_aabb_WC2_Top4_frl_apartment_wall_cabinet_02": {
            "name": "receptacle_aabb_WC2_Top4_frl_apartment_wall_cabinet_02",
            "position": [
                2.2606148719787598,
                0.9241693019866943,
                1.5087627172470093
            ],
            "scale": [
                0.40735509991645813,
                0.12582360208034515,
                0.14454245567321777
            ],
            "rotation": [
                0.999979555606842,
                8.429369557916289e-08,
                -0.006393898744136095,
                -6.585443856899076e-10
            ],
            "up": [
                0,
                1.0,
                0
            ]
        },
        "receptacle_aabb_WC2_Top5_frl_apartment_wall_cabinet_02": {
            "name": "receptacle_aabb_WC2_Top5_frl_apartment_wall_cabinet_02",
            "position": [
                2.2606148719787598,
                0.6309643983840942,
                1.5087627172470093
            ],
            "scale": [
                0.40735509991645813,
                0.12582360208034515,
                0.14454245567321777
            ],
            "rotation": [
                0.999979555606842,
                8.429369557916289e-08,
                -0.006393898744136095,
                -6.585443856899076e-10
            ],
            "up": [
                0,
                1.0,
                0
            ]
        },
        "receptacle_aabb_WC2_Top6_frl_apartment_wall_cabinet_02": {
            "name": "receptacle_aabb_WC2_Top6_frl_apartment_wall_cabinet_02",
            "position": [
                2.2606148719787598,
                0.3209385871887207,
                1.5087625980377197
            ],
            "scale": [
                0.40735509991645813,
                0.12582360208034515,
                0.14454245567321777
            ],
            "rotation": [
                0.999979555606842,
                8.429369557916289e-08,
                -0.006393898744136095,
                -6.585443856899076e-10
            ],
            "up": [
                0,
                1.0,
                0
            ]
        },
        "receptacle_aabb_WC1_Top1frl_apartment_wall_cabinet_01": {
            "name": "receptacle_aabb_WC1_Top1frl_apartment_wall_cabinet_01",
            "position": [
                -1.9718034267425537,
                1.8096115589141846,
                -0.5702230334281921
            ],
            "scale": [
                0.18155625462532043,
                0.14286324381828308,
                0.1493600457906723
            ],
            "rotation": [
                0.6342836022377014,
                2.107342389479072e-08,
                0.7731004953384399,
                -8.429369557916289e-08
            ],
            "up": [
                0,
                1.0,
                0
            ]
        },
        "receptacle_aabb_WC1_Top2frl_apartment_wall_cabinet_01": {
            "name": "receptacle_aabb_WC1_Top2frl_apartment_wall_cabinet_01",
            "position": [
                -1.9612457752227783,
                1.5151853561401367,
                -0.572326123714447
            ],
            "scale": [
                0.18155625462532043,
                0.14286324381828308,
                0.1493600457906723
            ],
            "rotation": [
                0.6342836022377014,
                2.107342389479072e-08,
                0.7731004953384399,
                -8.429369557916289e-08
            ],
            "up": [
                0,
                1.0,
                0
            ]
        },
        "receptacle_aabb_WC1_Top3frl_apartment_wall_cabinet_01": {
            "name": "receptacle_aabb_WC1_Top3frl_apartment_wall_cabinet_01",
            "position": [
                -1.9612457752227783,
                1.2337613105773926,
                -0.572326123714447
            ],
            "scale": [
                0.18155625462532043,
                0.14286324381828308,
                0.1493600457906723
            ],
            "rotation": [
                0.6342836022377014,
                2.107342389479072e-08,
                0.7731004953384399,
                -8.429369557916289e-08
            ],
            "up": [
                0,
                1.0,
                0
            ]
        },
        "receptacle_aabb_WC1_Top4frl_apartment_wall_cabinet_01": {
            "name": "receptacle_aabb_WC1_Top4frl_apartment_wall_cabinet_01",
            "position": [
                -1.9612458944320679,
                0.9360374808311462,
                -0.5723260641098022
            ],
            "scale": [
                0.18155625462532043,
                0.14286324381828308,
                0.1493600457906723
            ],
            "rotation": [
                0.6342836022377014,
                2.107342389479072e-08,
                0.7731004953384399,
                -8.429369557916289e-08
            ],
            "up": [
                0,
                1.0,
                0
            ]
        },
        "receptacle_aabb_WC1_Top5frl_apartment_wall_cabinet_01": {
            "name": "receptacle_aabb_WC1_Top5frl_apartment_wall_cabinet_01",
            "position": [
                -1.9612458944320679,
                0.6438888311386108,
                -0.5723260641098022
            ],