{
    "render_asset": "../../stages/Baked_sc1_staging_15.glb",
    "collision_asset": "../../stages/Baked_sc1_staging_15.glb",
    "up": [
        0,
        1,
        0
    ],
    "front": [
        0,
        0,
        -1
    ],
    "origin": [
        0,
        0,
        0
    ],
    "user_defined": {
        "receptacle_aabb_WC2_Top1_frl_apartment_wall_cabinet_02": {
            "name": "receptacle_aabb_WC2_Top1_frl_apartment_wall_cabinet_02",
            "position": [
                -2.3361928462982178,
                1.7934823036193848,
                -1.946482539176941
            ],
            "scale": [
                0.40735509991645813,
                0.12582360208034515,
                0.14454245567321777
            ],
            "rotation": [
                0.7102792859077454,
                4.214684778958144e-08,
                0.7039199471473694,
                -8.429369557916289e-08
            ],
            "up": [
                0,
                1.0,
                0
            ]
        },
        "receptacle_aabb_WC2_Top2_frl_apartment_wall_cabinet_02": {
            "name": "receptacle_aabb_WC2_Top2_frl_apartment_wall_cabinet_02",
            "position": [
                -2.3361928462982178,
                1.4970734119415283,
                -1.946482539176941
            ],
            "scale": [
                0.40735509991645813,
                0.12582360208034515,
                0.14454245567321777
            ],
            "rotation": [
                0.7102792859077454,
                4.214684778958144e-08,
                0.7039199471473694,
                -8.429369557916289e-08
            ],
            "up": [
                0,
                1.0,
                0
            ]
        },
        "receptacle_aabb_WC2_Top3_frl_apartment_wall_cabinet_02": {
            "name": "receptacle_aabb_WC2_Top3_frl_apartment_wall_cabinet_02",
            "position": [
                -2.3361928462982178,
                1.2217484712600708,
                -1.946482539176941
            ],
            "scale": [
                0.40735509991645813,
                0.12582360208034515,
                0.14454245567321777
            ],
            "rotation": [
                0.7102792859077454,
                4.214684778958144e-08,
                0.7039199471473694,
                -8.429369557916289e-08
            ],
            "up": [
                0,
                1.0,
                0
            ]
        },
        "receptacle_aabb_WC2_Top4_frl_apartment_wall_cabinet_02": {
            "name": "receptacle_aabb_WC2_Top4_frl_apartment_wall_cabinet_02",
            "position": [
                -2.3361928462982178,
                0.9241693019866943,
                -1.946482539176941
            ],
            "scale": [
                0.40735509991645813,
                0.12582360208034515,
                0.14454245567321777
            ],
            "rotation": [
                0.7102792859077454,
                4.214684778958144e-08,
                0.7039199471473694,
                -8.429369557916289e-08
            ],
            "up": [
                0,
                1.0,
                0
            ]
        },
        "receptacle_aabb_WC2_Top5_frl_apartment_wall_cabinet_02": {
            "name": "receptacle_aabb_WC2_Top5_frl_apartment_wall_cabinet_02",
            "position": [
                -2.336193084716797,
                0.6309643983840942,
                -1.9464824199676514
            ],
            "scale": [
                0.40735509991645813,
                0.12582360208034515,
                0.14454245567321777
            ],
            "rotation": [
                0.7102792859077454,
                4.214684778958144e-08,
                0.7039199471473694,
                -8.429369557916289e-08
            ],
            "up": [
                0,
                1.0,
                0
            ]
        },
        "receptacle_aabb_WC2_Top6_frl_apartment_wall_cabinet_02": {
            "name": "receptacle_aabb_WC2_Top6_frl_apartment_wall_cabinet_02",
            "position": [
                -2.336193084716797,
                0.3209385871887207,
                -1.9464824199676514
            ],
            "scale": [
                0.40735509991645813,
                0.12582360208034515,
                0.14454245567321777
            ],
            "rotation": [
                0.7102792859077454,
                4.214684778958144e-08,
                0.7039199471473694,
                -8.429369557916289e-08
            ],
            "up": [
                0,
                1.0,
                0
            ]
        },
        "receptacle_aabb_TvStnd1_Top1_frl_apartment_tvstand": {
            "name": "receptacle_aabb_TvStnd1_Top1_frl_apartment_tvstand",
            "position": [
                -2.0193843841552734,
                0.7188223600387573,
                3.191124200820923
            ],
            "scale": [
                0.7553289532661438,
                0.09142933785915375,
                0.24384784698486328
            ],
            "rotation": [
                0.7304762005805969,
                8.429369557916289e-08,
                -0.6829381585121155,
                6.322026990801533e-08
            ],
            "up": [
                0,
                1.0,
                0
            ]
        },
        "receptacle_aabb_TvStnd1_Top2_frl_apartment_tvstand": {
            "name": "receptacle_aabb_TvStnd1_Top2_frl_apartment_tvstand",
            "position": [
                -2.003206253051758,
                0.5295110940933228,
                3.187573194503784
            ],
            "scale": [
                0.21599486470222473,
                0.060774873942136765,
                0.21926051378250122
            ],
            "rotation": [
                0.7304762005805969,
                8.429369557916289e-08,
                -0.6829381585121155,
                6.322026990801533e-08
            ],
            "up": [
                0,
                1.0,
                0
            ]
        },
        "receptacle_aabb_TvStnd1_Top3_frl_apartment_tvstand": {
            "name": "receptacle_aabb_TvStnd1_Top3_frl_apartment_tvstand",
            "position": [
                -2.003206253051758,
                0.30315980315208435,
                3.187573194503784
            ],
            "scale": [
                0.21699278056621552,
                0.14145570993423462,
                0.21926051378250122
            ],
            "rotation": [
                0.7304762005805969,
                8.429369557916289e-08,
                -0.6829381585121155,
                6.322026990801533e-08
            ],
            "up": [
                0,
                1.0,
                0
            ]
        },
        "receptacle_aabb_Tbl3_Top1_frl_apartment_table_03": {
            "name": "receptacle_aabb_Tbl3_Top1_frl_apartment_table_03",
            "position": [
                4.01106595993042,
                0.6240452527999878,
                3.508331775665283
            ],
            "scale": [
                0.6202358603477478,
                0.1730896383523941,
                0.35672613978385925
            ],
            "rotation": [
                0.007986258715391159,
                -0.5734071731567383,
                0.8191542625427246,
                -0.01125552598387003
            ],
            "up": [
                0,
                1.0,
                0
            ]
        },
        "receptacle_aabb_Tbl2_Top1_frl_apartment_table_02": {
            "name": "receptacle_aabb_Tbl2_Top1_frl_apartment_table_02",
            "position": [
                2.2585556507110596,
                1.0607579946517944,
                1.8021717071533203
            ],