{
    "render_asset": "../../stages/Baked_sc2_staging_19.glb",
    "collision_asset": "../../stages/Baked_sc2_staging_19.glb",
    "up": [
        0,
        1,
        0
    ],
    "front": [
        0,
        0,
        -1
    ],
    "origin": [
        0,
        0,
        0
    ],
    "user_defined": {
        "receptacle_aabb_WC2_Top1_frl_apartment_wall_cabinet_02": {
            "name": "receptacle_aabb_WC2_Top1_frl_apartment_wall_cabinet_02",
            "position": [
                -1.444236397743225,
                1.7934823036193848,
                3.859179735183716
            ],
            "scale": [
                0.40735509991645813,
                0.12582360208034515,
                0.14454245567321777
            ],
            "rotation": [
                0.9997580051422119,
                8.429369557916289e-08,
                -0.021997177973389626,
                -2.0414878676433545e-08
            ],
            "up": [
                0,
                1.0,
                0
            ]
        },
        "receptacle_aabb_WC2_Top2_frl_apartment_wall_cabinet_02": {
            "name": "receptacle_aabb_WC2_Top2_frl_apartment_wall_cabinet_02",
            "position": [
                -1.444236397743225,
                1.4970734119415283,
                3.859179735183716
            ],
            "scale": [
                0.40735509991645813,
                0.12582360208034515,
                0.14454245567321777
            ],
            "rotation": [
                0.9997580051422119,
                8.429369557916289e-08,
                -0.021997177973389626,
                -2.0414878676433545e-08
            ],
            "up": [
                0,
                1.0,
                0
            ]
        },
        "receptacle_aabb_WC2_Top3_frl_apartment_wall_cabinet_02": {
            "name": "receptacle_aabb_WC2_Top3_frl_apartment_wall_cabinet_02",
            "position": [
                -1.444236397743225,
                1.2217484712600708,
                3.859179735183716
            ],
            "scale": [
                0.40735509991645813,
                0.12582360208034515,
                0.14454245567321777
            ],
            "rotation": [
                0.9997580051422119,
                8.429369557916289e-08,
                -0.021997177973389626,
                -2.0414878676433545e-08
            ],
            "up": [
                0,
                1.0,
                0
            ]
        },
        "receptacle_aabb_WC2_Top4_frl_apartment_wall_cabinet_02": {
            "name": "receptacle_aabb_WC2_Top4_frl_apartment_wall_cabinet_02",
            "position": [
                -1.444236397743225,
                0.9241693019866943,
                3.8591794967651367
            ],
            "scale": [
                0.40735509991645813,
                0.12582360208034515,
                0.14454245567321777
            ],
            "rotation": [
                0.9997580051422119,
                8.429369557916289e-08,
                -0.021997177973389626,
                -2.0414878676433545e-08
            ],
            "up": [
                0,
                1.0,
                0
            ]
        },
        "receptacle_aabb_WC2_Top5_frl_apartment_wall_cabinet_02": {
            "name": "receptacle_aabb_WC2_Top5_frl_apartment_wall_cabinet_02",
            "position": [
                -1.444236397743225,
                0.6309643983840942,
                3.8591794967651367
            ],
            "scale": [
                0.40735509991645813,
                0.12582360208034515,
                0.14454245567321777
            ],
            "rotation": [
                0.9997580051422119,
                8.429369557916289e-08,
                -0.021997177973389626,
                -2.0414878676433545e-08
            ],
            "up": [
                0,
                1.0,
                0
            ]
        },
        "receptacle_aabb_WC2_Top6_frl_apartment_wall_cabinet_02": {
            "name": "receptacle_aabb_WC2_Top6_frl_apartment_wall_cabinet_02",
            "position": [
                -1.444236397743225,
                0.3209385871887207,
                3.8591794967651367
            ],
            "scale": [
                0.40735509991645813,
                0.12582360208034515,
                0.14454245567321777
            ],
            "rotation": [
                0.9997580051422119,
                8.429369557916289e-08,
                -0.021997177973389626,
                -2.0414878676433545e-08
            ],
            "up": [
                0,
                1.0,
                0
            ]
        },
        "receptacle_aabb_WC1_Top1frl_apartment_wall_cabinet_01": {
            "name": "receptacle_aabb_WC1_Top1frl_apartment_wall_cabinet_01",
            "position": [
                -2.0771939754486084,
                1.8096115589141846,
                -2.044177770614624
            ],
            "scale": [
                0.18155625462532043,
                0.14286324381828308,
                0.1493600457906723
            ],
            "rotation": [
                0.8948636054992676,
                1.2644053981603065e-07,
                0.4463396668434143,
                -1.0536712125031045e-07
            ],
            "up": [
                0,
                1.0,
                0
            ]
        },
        "receptacle_aabb_WC1_Top2frl_apartment_wall_cabinet_01": {
            "name": "receptacle_aabb_WC1_Top2frl_apartment_wall_cabinet_01",
            "position": [
                -2.0685946941375732,
                1.5151853561401367,
                -2.0377018451690674
            ],
            "scale": [
                0.18155625462532043,
                0.14286324381828308,
                0.1493600457906723
            ],
            "rotation": [
                0.8948636054992676,
                1.2644053981603065e-07,
                0.4463396668434143,
                -1.0536712125031045e-07
            ],
            "up": [
                0,
                1.0,
                0
            ]
        },
        "receptacle_aabb_WC1_Top3frl_apartment_wall_cabinet_01": {
            "name": "receptacle_aabb_WC1_Top3frl_apartment_wall_cabinet_01",
            "position": [
                -2.0685946941375732,
                1.2337613105773926,
                -2.0377020835876465
            ],
            "scale": [
                0.18155625462532043,
                0.14286324381828308,
                0.1493600457906723
            ],
            "rotation": [
                0.8948636054992676,
                1.2644053981603065e-07,
                0.4463396668434143,
                -1.0536712125031045e-07
            ],
            "up": [
                0,
                1.0,
                0
            ]
        },
        "receptacle_aabb_WC1_Top4frl_apartment_wall_cabinet_01": {
            "name": "receptacle_aabb_WC1_Top4frl_apartment_wall_cabinet_01",
            "position": [
                -2.0685949325561523,
                0.9360374808311462,
                -2.0377020835876465
            ],
            "scale": [
                0.18155625462532043,
                0.14286324381828308,
                0.1493600457906723
            ],
            "rotation": [
                0.8948636054992676,
                1.2644053981603065e-07,
                0.4463396668434143,
                -1.0536712125031045e-07
            ],
            "up": [
                0,
                1.0,
                0
            ]
        },
        "receptacle_aabb_WC1_Top5frl_apartment_wall_cabinet_01": {
            "name": "receptacle_aabb_WC1_Top5frl_apartment_wall_cabinet_01",
            "position": [
                -2.0685949325561523,
                0.6438888311386108,
                -2.0377020835876465
            ],