{
    "render_asset": "../../stages/Baked_sc2_staging_20.glb",
    "collision_asset": "../../stages/Baked_sc2_staging_20.glb",
    "up": [
        0,
        1,
        0
    ],
    "front": [
        0,
        0,
        -1
    ],
    "origin": [
        0,
        0,
        0
    ],
    "user_defined": {
        "receptacle_aabb_WC2_Top1_frl_apartment_wall_cabinet_02": {
            "name": "receptacle_aabb_WC2_Top1_frl_apartment_wall_cabinet_02",
            "position": [
                3.7106897830963135,
                1.7934823036193848,
                7.672520637512207
            ],
            "scale": [
                0.40735509991645813,
                0.12582360208034515,
                0.14454245567321777
            ],
            "rotation": [
                0.9999915361404419,
                8.429369557916289e-08,
                0.004111382644623518,
                -4.214684778958144e-08
            ],
            "up": [
                0,
                1.0,
                0
            ]
        },
        "receptacle_aabb_WC2_Top2_frl_apartment_wall_cabinet_02": {
            "name": "receptacle_aabb_WC2_Top2_frl_apartment_wall_cabinet_02",
            "position": [
                3.7106897830963135,
                1.4970734119415283,
                7.672520160675049
            ],
            "scale": [
                0.40735509991645813,
                0.12582360208034515,
                0.14454245567321777
            ],
            "rotation": [
                0.9999915361404419,
                8.429369557916289e-08,
                0.004111382644623518,
                -4.214684778958144e-08
            ],
            "up": [
                0,
                1.0,
                0
            ]
        },
        "receptacle_aabb_WC2_Top3_frl_apartment_wall_cabinet_02": {
            "name": "receptacle_aabb_WC2_Top3_frl_apartment_wall_cabinet_02",
            "position": [
                3.7106897830963135,
                1.2217484712600708,
                7.672520160675049
            ],
            "scale": [
                0.40735509991645813,
                0.12582360208034515,
                0.14454245567321777
            ],
            "rotation": [
                0.9999915361404419,
                8.429369557916289e-08,
                0.004111382644623518,
                -4.214684778958144e-08
            ],
            "up": [
                0,
                1.0,
                0
            ]
        },
        "receptacle_aabb_WC2_Top4_frl_apartment_wall_cabinet_02": {
            "name": "receptacle_aabb_WC2_Top4_frl_apartment_wall_cabinet_02",
            "position": [
                3.7106897830963135,
                0.9241693019866943,
                7.672520160675049
            ],
            "scale": [
                0.40735509991645813,
                0.12582360208034515,
                0.14454245567321777
            ],
            "rotation": [
                0.9999915361404419,
                8.429369557916289e-08,
                0.004111382644623518,
                -4.214684778958144e-08
            ],
            "up": [
                0,
                1.0,
                0
            ]
        },
        "receptacle_aabb_WC2_Top5_frl_apartment_wall_cabinet_02": {
            "name": "receptacle_aabb_WC2_Top5_frl_apartment_wall_cabinet_02",
            "position": [
                3.7106897830963135,
                0.6309643983840942,
                7.672520160675049
            ],
            "scale": [
                0.40735509991645813,
                0.12582360208034515,
                0.14454245567321777
            ],
            "rotation": [
                0.9999915361404419,
                8.429369557916289e-08,
                0.004111382644623518,
                -4.214684778958144e-08
            ],
            "up": [
                0,
                1.0,
                0
            ]
        },
        "receptacle_aabb_WC2_Top6_frl_apartment_wall_cabinet_02": {
            "name": "receptacle_aabb_WC2_Top6_frl_apartment_wall_cabinet_02",
            "position": [
                3.7106897830963135,
                0.3209385871887207,
                7.672520160675049
            ],
            "scale": [
                0.40735509991645813,
                0.12582360208034515,
                0.14454245567321777
            ],
            "rotation": [
                0.9999915361404419,
                8.429369557916289e-08,
                0.004111382644623518,
                -4.214684778958144e-08
            ],
            "up": [
                0,
                1.0,
                0
            ]
        },
        "receptacle_aabb_WC1_Top1frl_apartment_wall_cabinet_01": {
            "name": "receptacle_aabb_WC1_Top1frl_apartment_wall_cabinet_01",
            "position": [
                -7.695890963077545e-05,
                1.8096115589141846,
                -0.2852134108543396
            ],
            "scale": [
                0.18155625462532043,
                0.14286324381828308,
                0.1493600457906723
            ],
            "rotation": [
                0.9998459219932556,
                8.429369557916289e-08,
                0.01755426824092865,
                -2.1731969113147898e-08
            ],
            "up": [
                0,
                1.0,
                0
            ]
        },
        "receptacle_aabb_WC1_Top2frl_apartment_wall_cabinet_01": {
            "name": "receptacle_aabb_WC1_Top2frl_apartment_wall_cabinet_01",
            "position": [
                0.0003009163774549961,
                1.5151855945587158,
                -0.2744549810886383
            ],
            "scale": [
                0.18155625462532043,
                0.14286324381828308,
                0.1493600457906723
            ],
            "rotation": [
                0.9998459219932556,
                8.429369557916289e-08,
                0.01755426824092865,
                -2.1731969113147898e-08
            ],
            "up": [
                0,
                1.0,
                0
            ]
        },
        "receptacle_aabb_WC1_Top3frl_apartment_wall_cabinet_01": {
            "name": "receptacle_aabb_WC1_Top3frl_apartment_wall_cabinet_01",
            "position": [
                0.0003009033389389515,
                1.2337613105773926,
                -0.2744550108909607
            ],
            "scale": [
                0.18155625462532043,
                0.14286324381828308,
                0.1493600457906723
            ],
            "rotation": [
                0.9998459219932556,
                8.429369557916289e-08,
                0.01755426824092865,
                -2.1731969113147898e-08
            ],
            "up": [
                0,
                1.0,
                0
            ]
        },
        "receptacle_aabb_WC1_Top4frl_apartment_wall_cabinet_01": {
            "name": "receptacle_aabb_WC1_Top4frl_apartment_wall_cabinet_01",
            "position": [
                0.00030088936910033226,
                0.9360376000404358,
                -0.27445507049560547
            ],
            "scale": [
                0.18155625462532043,
                0.14286324381828308,
                0.1493600457906723
            ],
            "rotation": [
                0.9998459219932556,
                8.429369557916289e-08,
                0.01755426824092865,
                -2.1731969113147898e-08
            ],
            "up": [
                0,
                1.0,
                0
            ]
        },
        "receptacle_aabb_WC1_Top5frl_apartment_wall_cabinet_01": {
            "name": "receptacle_aabb_WC1_Top5frl_apartment_wall_cabinet_01",
            "position": [
                0.00030087586492300034,
                0.6438889503479004,
                -0.27445513010025024
            ],