{
    "render_asset": "../../stages/Baked_sc3_staging_03.glb",
    "collision_asset": "../../stages/Baked_sc3_staging_03.glb",
    "up": [
        0,
        1,
        0
    ],
    "front": [
        0,
        0,
        -1
    ],
    "origin": [
        0,
        0,
        0
    ],
    "user_defined": {
        "receptacle_aabb_WC2_Top1_frl_apartment_wall_cabinet_02": {
            "name": "receptacle_aabb_WC2_Top1_frl_apartment_wall_cabinet_02",
            "position": [
                2.451575756072998,
                1.7934823036193848,
                7.776463031768799
            ],
            "scale": [
                0.40735509991645813,
                0.12582360208034515,
                0.14454245567321777
            ],
            "rotation": [
                0.00632801977917552,
                -3.29272248356105e-10,
                0.9999799728393555,
                -1.2644055402688537e-07
            ],
            "up": [
                0,
                1.0,
                0
            ]
        },
        "receptacle_aabb_WC2_Top2_frl_apartment_wall_cabinet_02": {
            "name": "receptacle_aabb_WC2_Top2_frl_apartment_wall_cabinet_02",
            "position": [
                2.451575756072998,
                1.4970734119415283,
                7.776463031768799
            ],
            "scale": [
                0.40735509991645813,
                0.12582360208034515,
                0.14454245567321777
            ],
            "rotation": [
                0.00632801977917552,
                -3.29272248356105e-10,
                0.9999799728393555,
                -1.2644055402688537e-07
            ],
            "up": [
                0,
                1.0,
                0
            ]
        },
        "receptacle_aabb_WC2_Top3_frl_apartment_wall_cabinet_02": {
            "name": "receptacle_aabb_WC2_Top3_frl_apartment_wall_cabinet_02",
            "position": [
                2.451575756072998,
                1.2217484712600708,
                7.776463031768799
            ],
            "scale": [
                0.40735509991645813,
                0.12582360208034515,
                0.14454245567321777
            ],
            "rotation": [
                0.00632801977917552,
                -3.29272248356105e-10,
                0.9999799728393555,
                -1.2644055402688537e-07
            ],
            "up": [
                0,
                1.0,
                0
            ]
        },
        "receptacle_aabb_WC2_Top4_frl_apartment_wall_cabinet_02": {
            "name": "receptacle_aabb_WC2_Top4_frl_apartment_wall_cabinet_02",
            "position": [
                2.451575756072998,
                0.9241693019866943,
                7.776463508605957
            ],
            "scale": [
                0.40735509991645813,
                0.12582360208034515,
                0.14454245567321777
            ],
            "rotation": [
                0.00632801977917552,
                -3.29272248356105e-10,
                0.9999799728393555,
                -1.2644055402688537e-07
            ],
            "up": [
                0,
                1.0,
                0
            ]
        },
        "receptacle_aabb_WC2_Top5_frl_apartment_wall_cabinet_02": {
            "name": "receptacle_aabb_WC2_Top5_frl_apartment_wall_cabinet_02",
            "position": [
                2.451575756072998,
                0.6309643983840942,
                7.776463508605957
            ],
            "scale": [
                0.40735509991645813,
                0.12582360208034515,
                0.14454245567321777
            ],
            "rotation": [
                0.00632801977917552,
                -3.29272248356105e-10,
                0.9999799728393555,
                -1.2644055402688537e-07
            ],
            "up": [
                0,
                1.0,
                0
            ]
        },
        "receptacle_aabb_WC2_Top6_frl_apartment_wall_cabinet_02": {
            "name": "receptacle_aabb_WC2_Top6_frl_apartment_wall_cabinet_02",
            "position": [
                2.451575756072998,
                0.3209385871887207,
                7.776463508605957
            ],
            "scale": [
                0.40735509991645813,
                0.12582360208034515,
                0.14454245567321777
            ],
            "rotation": [
                0.00632801977917552,
                -3.29272248356105e-10,
                0.9999799728393555,
                -1.2644055402688537e-07
            ],
            "up": [
                0,
                1.0,
                0
            ]
        },
        "receptacle_aabb_WC1_Top1frl_apartment_wall_cabinet_01": {
            "name": "receptacle_aabb_WC1_Top1frl_apartment_wall_cabinet_01",
            "position": [
                0.7138586640357971,
                1.8096115589141846,
                4.288266181945801
            ],
            "scale": [
                0.18155625462532043,
                0.14286324381828308,
                0.1493600457906723
            ],
            "rotation": [
                0.7340465188026428,
                8.429369557916289e-08,
                0.6790992021560669,
                -1.2644053981603065e-07
            ],
            "up": [
                0,
                1.0,
                0
            ]
        },
        "receptacle_aabb_WC1_Top2frl_apartment_wall_cabinet_01": {
            "name": "receptacle_aabb_WC1_Top2frl_apartment_wall_cabinet_01",
            "position": [
                0.7245911955833435,
                1.5151853561401367,
                4.289102077484131
            ],
            "scale": [
                0.18155625462532043,
                0.14286324381828308,
                0.1493600457906723
            ],
            "rotation": [
                0.7340465188026428,
                8.429369557916289e-08,
                0.6790992021560669,
                -1.2644053981603065e-07
            ],
            "up": [
                0,
                1.0,
                0
            ]
        },
        "receptacle_aabb_WC1_Top3frl_apartment_wall_cabinet_01": {
            "name": "receptacle_aabb_WC1_Top3frl_apartment_wall_cabinet_01",
            "position": [
                0.7245911359786987,
                1.2337613105773926,
                4.289102077484131
            ],
            "scale": [
                0.18155625462532043,
                0.14286324381828308,
                0.1493600457906723
            ],
            "rotation": [
                0.7340465188026428,
                8.429369557916289e-08,
                0.6790992021560669,
                -1.2644053981603065e-07
            ],
            "up": [
                0,
                1.0,
                0
            ]
        },
        "receptacle_aabb_WC1_Top4frl_apartment_wall_cabinet_01": {
            "name": "receptacle_aabb_WC1_Top4frl_apartment_wall_cabinet_01",
            "position": [
                0.7245910167694092,
                0.9360374808311462,
                4.289102077484131
            ],
            "scale": [
                0.18155625462532043,
                0.14286324381828308,
                0.1493600457906723
            ],
            "rotation": [
                0.7340465188026428,
                8.429369557916289e-08,
                0.6790992021560669,
                -1.2644053981603065e-07
            ],
            "up": [
                0,
                1.0,
                0
            ]
        },
        "receptacle_aabb_WC1_Top5frl_apartment_wall_cabinet_01": {
            "name": "receptacle_aabb_WC1_Top5frl_apartment_wall_cabinet_01",
            "position": [
                0.7245909571647644,
                0.6438888311386108,
                4.289102077484131
            ],