{
    "render_asset": "../../stages/Baked_sc1_staging_14.glb",
    "collision_asset": "../../stages/Baked_sc1_staging_14.glb",
    "up": [
        0,
        1,
        0
    ],
    "front": [
        0,
        0,
        -1
    ],
    "origin": [
        0,
        0,
        0
    ],
    "user_defined": {
        "receptacle_aabb_WC2_Top1_frl_apartment_wall_cabinet_02": {
            "name": "receptacle_aabb_WC2_Top1_frl_apartment_wall_cabinet_02",
            "position": [
                3.738292694091797,
                1.7934823036193848,
                -0.4491928219795227
            ],
            "scale": [
                0.40735509991645813,
                0.12582360208034515,
                0.14454245567321777
            ],
            "rotation": [
                0.5044782161712646,
                6.322026990801533e-08,
                0.8634244203567505,
                -2.107342425006209e-07
            ],
            "up": [
                0,
                1.0,
                0
            ]
        },
        "receptacle_aabb_WC2_Top2_frl_apartment_wall_cabinet_02": {
            "name": "receptacle_aabb_WC2_Top2_frl_apartment_wall_cabinet_02",
            "position": [
                3.738292694091797,
                1.4970734119415283,
                -0.44919270277023315
            ],
            "scale": [
                0.40735509991645813,
                0.12582360208034515,
                0.14454245567321777
            ],
            "rotation": [
                0.5044782161712646,
                6.322026990801533e-08,
                0.8634244203567505,
                -2.107342425006209e-07
            ],
            "up": [
                0,
                1.0,
                0
            ]
        },
        "receptacle_aabb_WC2_Top3_frl_apartment_wall_cabinet_02": {
            "name": "receptacle_aabb_WC2_Top3_frl_apartment_wall_cabinet_02",
            "position": [
                3.7382924556732178,
                1.2217484712600708,
                -0.4491926431655884
            ],
            "scale": [
                0.40735509991645813,
                0.12582360208034515,
                0.14454245567321777
            ],
            "rotation": [
                0.5044782161712646,
                6.322026990801533e-08,
                0.8634244203567505,
                -2.107342425006209e-07
            ],
            "up": [
                0,
                1.0,
                0
            ]
        },
        "receptacle_aabb_WC2_Top4_frl_apartment_wall_cabinet_02": {
            "name": "receptacle_aabb_WC2_Top4_frl_apartment_wall_cabinet_02",
            "position": [
                3.7382924556732178,
                0.9241693019866943,
                -0.4491925537586212
            ],
            "scale": [
                0.40735509991645813,
                0.12582360208034515,
                0.14454245567321777
            ],
            "rotation": [
                0.5044782161712646,
                6.322026990801533e-08,
                0.8634244203567505,
                -2.107342425006209e-07
            ],
            "up": [
                0,
                1.0,
                0
            ]
        },
        "receptacle_aabb_WC2_Top5_frl_apartment_wall_cabinet_02": {
            "name": "receptacle_aabb_WC2_Top5_frl_apartment_wall_cabinet_02",
            "position": [
                3.7382924556732178,
                0.6309643983840942,
                -0.44919246435165405
            ],
            "scale": [
                0.40735509991645813,
                0.12582360208034515,
                0.14454245567321777
            ],
            "rotation": [
                0.5044782161712646,
                6.322026990801533e-08,
                0.8634244203567505,
                -2.107342425006209e-07
            ],
            "up": [
                0,
                1.0,
                0
            ]
        },
        "receptacle_aabb_WC2_Top6_frl_apartment_wall_cabinet_02": {
            "name": "receptacle_aabb_WC2_Top6_frl_apartment_wall_cabinet_02",
            "position": [
                3.7382922172546387,
                0.3209385871887207,
                -0.4491923749446869
            ],
            "scale": [
                0.40735509991645813,
                0.12582360208034515,
                0.14454245567321777
            ],
            "rotation": [
                0.5044782161712646,
                6.322026990801533e-08,
                0.8634244203567505,
                -2.107342425006209e-07
            ],
            "up": [
                0,
                1.0,
                0
            ]
        },
        "receptacle_aabb_TvStnd1_Top1_frl_apartment_tvstand": {
            "name": "receptacle_aabb_TvStnd1_Top1_frl_apartment_tvstand",
            "position": [
                0.07136125862598419,
                0.7188222408294678,
                3.786735773086548
            ],
            "scale": [
                0.7553289532661438,
                0.09142933785915375,
                0.24384784698486328
            ],
            "rotation": [
                0.9987576007843018,
                8.429368847373553e-08,
                -0.04983268678188324,
                2.3707599439148908e-08
            ],
            "up": [
                0,
                1.0,
                0
            ]
        },
        "receptacle_aabb_TvStnd1_Top2_frl_apartment_tvstand": {
            "name": "receptacle_aabb_TvStnd1_Top2_frl_apartment_tvstand",
            "position": [
                0.07054794579744339,
                0.529511034488678,
                3.7701923847198486
            ],
            "scale": [
                0.21599486470222473,
                0.060774873942136765,
                0.21926051378250122
            ],
            "rotation": [
                0.9987576007843018,
                8.429368847373553e-08,
                -0.04983268678188324,
                2.3707599439148908e-08
            ],
            "up": [
                0,
                1.0,
                0
            ]
        },
        "receptacle_aabb_TvStnd1_Top3_frl_apartment_tvstand": {
            "name": "receptacle_aabb_TvStnd1_Top3_frl_apartment_tvstand",
            "position": [
                0.07054796069860458,
                0.3031597435474396,
                3.7701923847198486
            ],
            "scale": [
                0.21699278056621552,
                0.14145570993423462,
                0.21926051378250122
            ],
            "rotation": [
                0.9987576007843018,
                8.429368847373553e-08,
                -0.04983268678188324,
                2.3707599439148908e-08
            ],
            "up": [
                0,
                1.0,
                0
            ]
        },
        "receptacle_aabb_Tbl3_Top1_frl_apartment_table_03": {
            "name": "receptacle_aabb_Tbl3_Top1_frl_apartment_table_03",
            "position": [
                2.227388858795166,
                0.6240452527999878,
                7.491055965423584
            ],
            "scale": [
                0.6202358603477478,
                0.1730896383523941,
                0.35672613978385925
            ],
            "rotation": [
                0.5845862627029419,
                -0.3977104425430298,
                0.5738783478736877,
                -0.41321778297424316
            ],
            "up": [
                0,
                1.0,
                0
            ]
        },
        "receptacle_aabb_Tbl2_Top1_frl_apartment_table_02": {
            "name": "receptacle_aabb_Tbl2_Top1_frl_apartment_table_02",
            "position": [
                -1.8420981168746948,
                1.0607579946517944,
                3.1651835441589355
            ],