{
    "render_asset": "../../stages/Baked_sc2_staging_04.glb",
    "collision_asset": "../../stages/Baked_sc2_staging_04.glb",
    "up": [
        0,
        1,
        0
    ],
    "front": [
        0,
        0,
        -1
    ],
    "origin": [
        0,
        0,
        0
    ],
    "user_defined": {
        "receptacle_aabb_WC2_Top1_frl_apartment_wall_cabinet_02": {
            "name": "receptacle_aabb_WC2_Top1_frl_apartment_wall_cabinet_02",
            "position": [
                0.5428218245506287,
                1.7934823036193848,
                3.6551096439361572
            ],
            "scale": [
                0.40735509991645813,
                0.12582360208034515,
                0.14454245567321777
            ],
            "rotation": [
                0.7066096067428589,
                1.0536712125031045e-07,
                -0.7076036334037781,
                8.429369557916289e-08
            ],
            "up": [
                0,
                1.0,
                0
            ]
        },
        "receptacle_aabb_WC2_Top2_frl_apartment_wall_cabinet_02": {
            "name": "receptacle_aabb_WC2_Top2_frl_apartment_wall_cabinet_02",
            "position": [
                0.5428218841552734,
                1.4970734119415283,
                3.6551096439361572
            ],
            "scale": [
                0.40735509991645813,
                0.12582360208034515,
                0.14454245567321777
            ],
            "rotation": [
                0.7066096067428589,
                1.0536712125031045e-07,
                -0.7076036334037781,
                8.429369557916289e-08
            ],
            "up": [
                0,
                1.0,
                0
            ]
        },
        "receptacle_aabb_WC2_Top3_frl_apartment_wall_cabinet_02": {
            "name": "receptacle_aabb_WC2_Top3_frl_apartment_wall_cabinet_02",
            "position": [
                0.542822003364563,
                1.2217484712600708,
                3.6551096439361572
            ],
            "scale": [
                0.40735509991645813,
                0.12582360208034515,
                0.14454245567321777
            ],
            "rotation": [
                0.7066096067428589,
                1.0536712125031045e-07,
                -0.7076036334037781,
                8.429369557916289e-08
            ],
            "up": [
                0,
                1.0,
                0
            ]
        },
        "receptacle_aabb_WC2_Top4_frl_apartment_wall_cabinet_02": {
            "name": "receptacle_aabb_WC2_Top4_frl_apartment_wall_cabinet_02",
            "position": [
                0.5428220629692078,
                0.9241693019866943,
                3.6551096439361572
            ],
            "scale": [
                0.40735509991645813,
                0.12582360208034515,
                0.14454245567321777
            ],
            "rotation": [
                0.7066096067428589,
                1.0536712125031045e-07,
                -0.7076036334037781,
                8.429369557916289e-08
            ],
            "up": [
                0,
                1.0,
                0
            ]
        },
        "receptacle_aabb_WC2_Top5_frl_apartment_wall_cabinet_02": {
            "name": "receptacle_aabb_WC2_Top5_frl_apartment_wall_cabinet_02",
            "position": [
                0.5428221225738525,
                0.6309643983840942,
                3.6551096439361572
            ],
            "scale": [
                0.40735509991645813,
                0.12582360208034515,
                0.14454245567321777
            ],
            "rotation": [
                0.7066096067428589,
                1.0536712125031045e-07,
                -0.7076036334037781,
                8.429369557916289e-08
            ],
            "up": [
                0,
                1.0,
                0
            ]
        },
        "receptacle_aabb_WC2_Top6_frl_apartment_wall_cabinet_02": {
            "name": "receptacle_aabb_WC2_Top6_frl_apartment_wall_cabinet_02",
            "position": [
                0.5428222417831421,
                0.3209385871887207,
                3.6551096439361572
            ],
            "scale": [
                0.40735509991645813,
                0.12582360208034515,
                0.14454245567321777
            ],
            "rotation": [
                0.7066096067428589,
                1.0536712125031045e-07,
                -0.7076036334037781,
                8.429369557916289e-08
            ],
            "up": [
                0,
                1.0,
                0
            ]
        },
        "receptacle_aabb_WC1_Top1frl_apartment_wall_cabinet_01": {
            "name": "receptacle_aabb_WC1_Top1frl_apartment_wall_cabinet_01",
            "position": [
                -2.040846109390259,
                1.8096115589141846,
                -2.021759510040283
            ],
            "scale": [
                0.18155625462532043,
                0.14286324381828308,
                0.1493600457906723
            ],
            "rotation": [
                0.6972854137420654,
                8.429369557916289e-08,
                -0.7167935967445374,
                4.214684778958144e-08
            ],
            "up": [
                0,
                1.0,
                0
            ]
        },
        "receptacle_aabb_WC1_Top2frl_apartment_wall_cabinet_01": {
            "name": "receptacle_aabb_WC1_Top2frl_apartment_wall_cabinet_01",
            "position": [
                -2.0516068935394287,
                1.5151853561401367,
                -2.0220565795898438
            ],
            "scale": [
                0.18155625462532043,
                0.14286324381828308,
                0.1493600457906723
            ],
            "rotation": [
                0.6972854137420654,
                8.429369557916289e-08,
                -0.7167935967445374,
                4.214684778958144e-08
            ],
            "up": [
                0,
                1.0,
                0
            ]
        },
        "receptacle_aabb_WC1_Top3frl_apartment_wall_cabinet_01": {
            "name": "receptacle_aabb_WC1_Top3frl_apartment_wall_cabinet_01",
            "position": [
                -2.0516068935394287,
                1.2337613105773926,
                -2.0220565795898438
            ],
            "scale": [
                0.18155625462532043,
                0.14286324381828308,
                0.1493600457906723
            ],
            "rotation": [
                0.6972854137420654,
                8.429369557916289e-08,
                -0.7167935967445374,
                4.214684778958144e-08
            ],
            "up": [
                0,
                1.0,
                0
            ]
        },
        "receptacle_aabb_WC1_Top4frl_apartment_wall_cabinet_01": {
            "name": "receptacle_aabb_WC1_Top4frl_apartment_wall_cabinet_01",
            "position": [
                -2.0516068935394287,
                0.9360374808311462,
                -2.0220565795898438
            ],
            "scale": [
                0.18155625462532043,
                0.14286324381828308,
                0.1493600457906723
            ],
            "rotation": [
                0.6972854137420654,
                8.429369557916289e-08,
                -0.7167935967445374,
                4.214684778958144e-08
            ],
            "up": [
                0,
                1.0,
                0
            ]
        },
        "receptacle_aabb_WC1_Top5frl_apartment_wall_cabinet_01": {
            "name": "receptacle_aabb_WC1_Top5frl_apartment_wall_cabinet_01",
            "position": [
                -2.0516068935394287,
                0.6438888311386108,
                -2.0220565795898438
            ],