{
    "render_asset": "../../stages/Baked_sc1_staging_13.glb",
    "collision_asset": "../../stages/Baked_sc1_staging_13.glb",
    "up": [
        0,
        1,
        0
    ],
    "front": [
        0,
        0,
        -1
    ],
    "origin": [
        0,
        0,
        0
    ],
    "user_defined": {
        "receptacle_aabb_WC2_Top1_frl_apartment_wall_cabinet_02": {
            "name": "receptacle_aabb_WC2_Top1_frl_apartment_wall_cabinet_02",
            "position": [
                3.7525622844696045,
                1.7934823036193848,
                -0.4735493063926697
            ],
            "scale": [
                0.40735509991645813,
                0.12582360208034515,
                0.14454245567321777
            ],
            "rotation": [
                0.8062240481376648,
                2.107342425006209e-07,
                -0.591610312461853,
                8.429369557916289e-08
            ],
            "up": [
                0,
                1.0,
                0
            ]
        },
        "receptacle_aabb_WC2_Top2_frl_apartment_wall_cabinet_02": {
            "name": "receptacle_aabb_WC2_Top2_frl_apartment_wall_cabinet_02",
            "position": [
                3.7525625228881836,
                1.4970734119415283,
                -0.47354936599731445
            ],
            "scale": [
                0.40735509991645813,
                0.12582360208034515,
                0.14454245567321777
            ],
            "rotation": [
                0.8062240481376648,
                2.107342425006209e-07,
                -0.591610312461853,
                8.429369557916289e-08
            ],
            "up": [
                0,
                1.0,
                0
            ]
        },
        "receptacle_aabb_WC2_Top3_frl_apartment_wall_cabinet_02": {
            "name": "receptacle_aabb_WC2_Top3_frl_apartment_wall_cabinet_02",
            "position": [
                3.7525625228881836,
                1.2217484712600708,
                -0.47354942560195923
            ],
            "scale": [
                0.40735509991645813,
                0.12582360208034515,
                0.14454245567321777
            ],
            "rotation": [
                0.8062240481376648,
                2.107342425006209e-07,
                -0.591610312461853,
                8.429369557916289e-08
            ],
            "up": [
                0,
                1.0,
                0
            ]
        },
        "receptacle_aabb_WC2_Top4_frl_apartment_wall_cabinet_02": {
            "name": "receptacle_aabb_WC2_Top4_frl_apartment_wall_cabinet_02",
            "position": [
                3.7525627613067627,
                0.9241693019866943,
                -0.4735495150089264
            ],
            "scale": [
                0.40735509991645813,
                0.12582360208034515,
                0.14454245567321777
            ],
            "rotation": [
                0.8062240481376648,
                2.107342425006209e-07,
                -0.591610312461853,
                8.429369557916289e-08
            ],
            "up": [
                0,
                1.0,
                0
            ]
        },
        "receptacle_aabb_WC2_Top5_frl_apartment_wall_cabinet_02": {
            "name": "receptacle_aabb_WC2_Top5_frl_apartment_wall_cabinet_02",
            "position": [
                3.7525627613067627,
                0.6309643983840942,
                -0.47354957461357117
            ],
            "scale": [
                0.40735509991645813,
                0.12582360208034515,
                0.14454245567321777
            ],
            "rotation": [
                0.8062240481376648,
                2.107342425006209e-07,
                -0.591610312461853,
                8.429369557916289e-08
            ],
            "up": [
                0,
                1.0,
                0
            ]
        },
        "receptacle_aabb_WC2_Top6_frl_apartment_wall_cabinet_02": {
            "name": "receptacle_aabb_WC2_Top6_frl_apartment_wall_cabinet_02",
            "position": [
                3.752562999725342,
                0.3209385871887207,
                -0.47354966402053833
            ],
            "scale": [
                0.40735509991645813,
                0.12582360208034515,
                0.14454245567321777
            ],
            "rotation": [
                0.8062240481376648,
                2.107342425006209e-07,
                -0.591610312461853,
                8.429369557916289e-08
            ],
            "up": [
                0,
                1.0,
                0
            ]
        },
        "receptacle_aabb_TvStnd1_Top1_frl_apartment_tvstand": {
            "name": "receptacle_aabb_TvStnd1_Top1_frl_apartment_tvstand",
            "position": [
                0.6057823300361633,
                0.7188223600387573,
                6.888486385345459
            ],
            "scale": [
                0.7553289532661438,
                0.09142933785915375,
                0.24384784698486328
            ],
            "rotation": [
                0.7066977024078369,
                2.107342389479072e-08,
                -0.7075155973434448,
                -1.1102230246251565e-16
            ],
            "up": [
                0,
                1.0,
                0
            ]
        },
        "receptacle_aabb_TvStnd1_Top2_frl_apartment_tvstand": {
            "name": "receptacle_aabb_TvStnd1_Top2_frl_apartment_tvstand",
            "position": [
                0.6221654415130615,
                0.5295111536979675,
                6.886049270629883
            ],
            "scale": [
                0.21599486470222473,
                0.060774873942136765,
                0.21926051378250122
            ],
            "rotation": [
                0.7066977024078369,
                2.107342389479072e-08,
                -0.7075155973434448,
                -1.1102230246251565e-16
            ],
            "up": [
                0,
                1.0,
                0
            ]
        },
        "receptacle_aabb_TvStnd1_Top3_frl_apartment_tvstand": {
            "name": "receptacle_aabb_TvStnd1_Top3_frl_apartment_tvstand",
            "position": [
                0.6221654415130615,
                0.3031598627567291,
                6.886049270629883
            ],
            "scale": [
                0.21699278056621552,
                0.14145570993423462,
                0.21926051378250122
            ],
            "rotation": [
                0.7066977024078369,
                2.107342389479072e-08,
                -0.7075155973434448,
                -1.1102230246251565e-16
            ],
            "up": [
                0,
                1.0,
                0
            ]
        },
        "receptacle_aabb_Tbl3_Top1_frl_apartment_table_03": {
            "name": "receptacle_aabb_Tbl3_Top1_frl_apartment_table_03",
            "position": [
                -0.012751295231282711,
                0.4938984215259552,
                4.140453815460205
            ],
            "scale": [
                0.6202358603477478,
                0.1730896383523941,
                0.35672613978385925
            ],
            "rotation": [
                -0.4603222906589508,
                -0.5629302859306335,
                0.4280209243297577,
                0.5366665720939636
            ],
            "up": [
                0,
                1.0,
                0
            ]
        },
        "receptacle_aabb_Tbl2_Top1_frl_apartment_table_02": {
            "name": "receptacle_aabb_Tbl2_Top1_frl_apartment_table_02",
            "position": [
                4.047811508178711,
                1.0607579946517944,
                6.091277122497559
            ],