{
    "render_asset": "../../stages/Baked_sc0_staging_05.glb",
    "collision_asset": "../../stages/Baked_sc0_staging_05.glb",
    "up": [
        0,
        1,
        0
    ],
    "front": [
        0,
        0,
        -1
    ],
    "origin": [
        0,
        0,
        0
    ],
    "user_defined": {
        "receptacle_aabb_WC2_Top1_frl_apartment_wall_cabinet_02": {
            "name": "receptacle_aabb_WC2_Top1_frl_apartment_wall_cabinet_02",
            "position": [
                0.7568427324295044,
                1.7934823036193848,
                -0.3246954083442688
            ],
            "scale": [
                0.40735509991645813,
                0.12582360208034515,
                0.14454245567321777
            ],
            "rotation": [
                0.9996540546417236,
                8.429369557916289e-08,
                -0.026301898062229156,
                -1.8439246574075696e-08
            ],
            "up": [
                0,
                1.0,
                0
            ]
        },
        "receptacle_aabb_WC2_Top2_frl_apartment_wall_cabinet_02": {
            "name": "receptacle_aabb_WC2_Top2_frl_apartment_wall_cabinet_02",
            "position": [
                0.7568427324295044,
                1.4970734119415283,
                -0.3246954679489136
            ],
            "scale": [
                0.40735509991645813,
                0.12582360208034515,
                0.14454245567321777
            ],
            "rotation": [
                0.9996540546417236,
                8.429369557916289e-08,
                -0.026301898062229156,
                -1.8439246574075696e-08
            ],
            "up": [
                0,
                1.0,
                0
            ]
        },
        "receptacle_aabb_WC2_Top3_frl_apartment_wall_cabinet_02": {
            "name": "receptacle_aabb_WC2_Top3_frl_apartment_wall_cabinet_02",
            "position": [
                0.7568427324295044,
                1.2217484712600708,
                -0.32469552755355835
            ],
            "scale": [
                0.40735509991645813,
                0.12582360208034515,
                0.14454245567321777
            ],
            "rotation": [
                0.9996540546417236,
                8.429369557916289e-08,
                -0.026301898062229156,
                -1.8439246574075696e-08
            ],
            "up": [
                0,
                1.0,
                0
            ]
        },
        "receptacle_aabb_WC2_Top4_frl_apartment_wall_cabinet_02": {
            "name": "receptacle_aabb_WC2_Top4_frl_apartment_wall_cabinet_02",
            "position": [
                0.7568427324295044,
                0.9241693019866943,
                -0.32469555735588074
            ],
            "scale": [
                0.40735509991645813,
                0.12582360208034515,
                0.14454245567321777
            ],
            "rotation": [
                0.9996540546417236,
                8.429369557916289e-08,
                -0.026301898062229156,
                -1.8439246574075696e-08
            ],
            "up": [
                0,
                1.0,
                0
            ]
        },
        "receptacle_aabb_WC2_Top5_frl_apartment_wall_cabinet_02": {
            "name": "receptacle_aabb_WC2_Top5_frl_apartment_wall_cabinet_02",
            "position": [
                0.7568427324295044,
                0.6309643983840942,
                -0.3246956169605255
            ],
            "scale": [
                0.40735509991645813,
                0.12582360208034515,
                0.14454245567321777
            ],
            "rotation": [
                0.9996540546417236,
                8.429369557916289e-08,
                -0.026301898062229156,
                -1.8439246574075696e-08
            ],
            "up": [
                0,
                1.0,
                0
            ]
        },
        "receptacle_aabb_WC2_Top6_frl_apartment_wall_cabinet_02": {
            "name": "receptacle_aabb_WC2_Top6_frl_apartment_wall_cabinet_02",
            "position": [
                0.7568427324295044,
                0.3209385871887207,
                -0.3246956765651703
            ],
            "scale": [
                0.40735509991645813,
                0.12582360208034515,
                0.14454245567321777
            ],
            "rotation": [
                0.9996540546417236,
                8.429369557916289e-08,
                -0.026301898062229156,
                -1.8439246574075696e-08
            ],
            "up": [
                0,
                1.0,
                0
            ]
        },
        "receptacle_aabb_WC1_Top1frl_apartment_wall_cabinet_01": {
            "name": "receptacle_aabb_WC1_Top1frl_apartment_wall_cabinet_01",
            "position": [
                4.008549690246582,
                1.8096115589141846,
                2.6105284690856934
            ],
            "scale": [
                0.18155625462532043,
                0.14286324381828308,
                0.1493600457906723
            ],
            "rotation": [
                0.7071067690849304,
                2.107342389479072e-08,
                0.7071068286895752,
                -6.322026990801533e-08
            ],
            "up": [
                0,
                1.0,
                0
            ]
        },
        "receptacle_aabb_WC1_Top2frl_apartment_wall_cabinet_01": {
            "name": "receptacle_aabb_WC1_Top2frl_apartment_wall_cabinet_01",
            "position": [
                4.019314765930176,
                1.5151853561401367,
                2.6105284690856934
            ],
            "scale": [
                0.18155625462532043,
                0.14286324381828308,
                0.1493600457906723
            ],
            "rotation": [
                0.7071067690849304,
                2.107342389479072e-08,
                0.7071068286895752,
                -6.322026990801533e-08
            ],
            "up": [
                0,
                1.0,
                0
            ]
        },
        "receptacle_aabb_WC1_Top3frl_apartment_wall_cabinet_01": {
            "name": "receptacle_aabb_WC1_Top3frl_apartment_wall_cabinet_01",
            "position": [
                4.019314765930176,
                1.2337613105773926,
                2.6105284690856934
            ],
            "scale": [
                0.18155625462532043,
                0.14286324381828308,
                0.1493600457906723
            ],
            "rotation": [
                0.7071067690849304,
                2.107342389479072e-08,
                0.7071068286895752,
                -6.322026990801533e-08
            ],
            "up": [
                0,
                1.0,
                0
            ]
        },
        "receptacle_aabb_WC1_Top4frl_apartment_wall_cabinet_01": {
            "name": "receptacle_aabb_WC1_Top4frl_apartment_wall_cabinet_01",
            "position": [
                4.019314765930176,
                0.9360374808311462,
                2.6105284690856934
            ],
            "scale": [
                0.18155625462532043,
                0.14286324381828308,
                0.1493600457906723
            ],
            "rotation": [
                0.7071067690849304,
                2.107342389479072e-08,
                0.7071068286895752,
                -6.322026990801533e-08
            ],
            "up": [
                0,
                1.0,
                0
            ]
        },
        "receptacle_aabb_WC1_Top5frl_apartment_wall_cabinet_01": {
            "name": "receptacle_aabb_WC1_Top5frl_apartment_wall_cabinet_01",
            "position": [
                4.019314765930176,
                0.6438888311386108,
                2.6105284690856934
            ],