{
    "render_asset": "../../stages/Baked_sc3_staging_08.glb",
    "collision_asset": "../../stages/Baked_sc3_staging_08.glb",
    "up": [
        0,
        1,
        0
    ],
    "front": [
        0,
        0,
        -1
    ],
    "origin": [
        0,
        0,
        0
    ],
    "user_defined": {
        "receptacle_aabb_WC2_Top1_frl_apartment_wall_cabinet_02": {
            "name": "receptacle_aabb_WC2_Top1_frl_apartment_wall_cabinet_02",
            "position": [
                3.0348386764526367,
                1.7934823036193848,
                3.2453131675720215
            ],
            "scale": [
                0.40735509991645813,
                0.12582360208034515,
                0.14454245567321777
            ],
            "rotation": [
                0.02201923169195652,
                -5.926900747965647e-09,
                0.9997575283050537,
                -8.429369557916289e-08
            ],
            "up": [
                0,
                1.0,
                0
            ]
        },
        "receptacle_aabb_WC2_Top2_frl_apartment_wall_cabinet_02": {
            "name": "receptacle_aabb_WC2_Top2_frl_apartment_wall_cabinet_02",
            "position": [
                3.0348386764526367,
                1.4970734119415283,
                3.2453131675720215
            ],
            "scale": [
                0.40735509991645813,
                0.12582360208034515,
                0.14454245567321777
            ],
            "rotation": [
                0.02201923169195652,
                -5.926900747965647e-09,
                0.9997575283050537,
                -8.429369557916289e-08
            ],
            "up": [
                0,
                1.0,
                0
            ]
        },
        "receptacle_aabb_WC2_Top3_frl_apartment_wall_cabinet_02": {
            "name": "receptacle_aabb_WC2_Top3_frl_apartment_wall_cabinet_02",
            "position": [
                3.0348386764526367,
                1.2217484712600708,
                3.2453134059906006
            ],
            "scale": [
                0.40735509991645813,
                0.12582360208034515,
                0.14454245567321777
            ],
            "rotation": [
                0.02201923169195652,
                -5.926900747965647e-09,
                0.9997575283050537,
                -8.429369557916289e-08
            ],
            "up": [
                0,
                1.0,
                0
            ]
        },
        "receptacle_aabb_WC2_Top4_frl_apartment_wall_cabinet_02": {
            "name": "receptacle_aabb_WC2_Top4_frl_apartment_wall_cabinet_02",
            "position": [
                3.0348386764526367,
                0.9241693019866943,
                3.2453134059906006
            ],
            "scale": [
                0.40735509991645813,
                0.12582360208034515,
                0.14454245567321777
            ],
            "rotation": [
                0.02201923169195652,
                -5.926900747965647e-09,
                0.9997575283050537,
                -8.429369557916289e-08
            ],
            "up": [
                0,
                1.0,
                0
            ]
        },
        "receptacle_aabb_WC2_Top5_frl_apartment_wall_cabinet_02": {
            "name": "receptacle_aabb_WC2_Top5_frl_apartment_wall_cabinet_02",
            "position": [
                3.0348386764526367,
                0.6309643983840942,
                3.2453134059906006
            ],
            "scale": [
                0.40735509991645813,
                0.12582360208034515,
                0.14454245567321777
            ],
            "rotation": [
                0.02201923169195652,
                -5.926900747965647e-09,
                0.9997575283050537,
                -8.429369557916289e-08
            ],
            "up": [
                0,
                1.0,
                0
            ]
        },
        "receptacle_aabb_WC2_Top6_frl_apartment_wall_cabinet_02": {
            "name": "receptacle_aabb_WC2_Top6_frl_apartment_wall_cabinet_02",
            "position": [
                3.0348386764526367,
                0.3209385871887207,
                3.2453134059906006
            ],
            "scale": [
                0.40735509991645813,
                0.12582360208034515,
                0.14454245567321777
            ],
            "rotation": [
                0.02201923169195652,
                -5.926900747965647e-09,
                0.9997575283050537,
                -8.429369557916289e-08
            ],
            "up": [
                0,
                1.0,
                0
            ]
        },
        "receptacle_aabb_WC1_Top1frl_apartment_wall_cabinet_01": {
            "name": "receptacle_aabb_WC1_Top1frl_apartment_wall_cabinet_01",
            "position": [
                -2.32674503326416,
                1.8096115589141846,
                -1.1400096416473389
            ],
            "scale": [
                0.18155625462532043,
                0.14286324381828308,
                0.1493600457906723
            ],
            "rotation": [
                0.712682843208313,
                4.214684778958144e-08,
                0.7014864087104797,
                -8.429369557916289e-08
            ],
            "up": [
                0,
                1.0,
                0
            ]
        },
        "receptacle_aabb_WC1_Top2frl_apartment_wall_cabinet_01": {
            "name": "receptacle_aabb_WC1_Top2frl_apartment_wall_cabinet_01",
            "position": [
                -2.315981149673462,
                1.5151853561401367,
                -1.1398391723632812
            ],
            "scale": [
                0.18155625462532043,
                0.14286324381828308,
                0.1493600457906723
            ],
            "rotation": [
                0.712682843208313,
                4.214684778958144e-08,
                0.7014864087104797,
                -8.429369557916289e-08
            ],
            "up": [
                0,
                1.0,
                0
            ]
        },
        "receptacle_aabb_WC1_Top3frl_apartment_wall_cabinet_01": {
            "name": "receptacle_aabb_WC1_Top3frl_apartment_wall_cabinet_01",
            "position": [
                -2.315981388092041,
                1.2337613105773926,
                -1.1398391723632812
            ],
            "scale": [
                0.18155625462532043,
                0.14286324381828308,
                0.1493600457906723
            ],
            "rotation": [
                0.712682843208313,
                4.214684778958144e-08,
                0.7014864087104797,
                -8.429369557916289e-08
            ],
            "up": [
                0,
                1.0,
                0
            ]
        },
        "receptacle_aabb_WC1_Top4frl_apartment_wall_cabinet_01": {
            "name": "receptacle_aabb_WC1_Top4frl_apartment_wall_cabinet_01",
            "position": [
                -2.315981388092041,
                0.9360374808311462,
                -1.1398391723632812
            ],
            "scale": [
                0.18155625462532043,
                0.14286324381828308,
                0.1493600457906723
            ],
            "rotation": [
                0.712682843208313,
                4.214684778958144e-08,
                0.7014864087104797,
                -8.429369557916289e-08
            ],
            "up": [
                0,
                1.0,
                0
            ]
        },
        "receptacle_aabb_WC1_Top5frl_apartment_wall_cabinet_01": {
            "name": "receptacle_aabb_WC1_Top5frl_apartment_wall_cabinet_01",
            "position": [
                -2.315981388092041,
                0.6438888311386108,
                -1.1398391723632812
            ],